<?xml version="1.0"?>
<doc>
    <assembly>
        <name>CloudProjectStats</name>
    </assembly>
    <members>
        <member name="F:CloudProjectStats.KnownFolders.FolderDownloads">
            2. Declare DownloadsFolder GUI and import SHGetKnownFolderPath method
        </member>
        <member name="M:CloudProjectStats.KnownFolders.GetDownloadsPath">
            <summary>
            Returns the absolute downloads directory specified on the system.
            </summary>
            <returns></returns>
        </member>
    </members>
</doc>
